{"1":[0,8.56207927083816,13.10750326823006,13.34992053599352],"2":[0,4.279301127327972,7.165849987334872,0],"3":[0,5.880066365577992,12.637121310959268,0],"4":[0,9.872215313033044,1.2981163281489563,0],"5":[0,6.472691808987784,12.941370815917335,0],"6":[0,10.188742237029826,0,0],"7":[0,4.80615525323144,9.616231807969758,0],"8":[0,10.468122933337341,13.489737387601808,0],"9":[7.973812736514871,7.346108165833408,12.47023373182235,10.0484395078818]}